Team,Player,Age,Matches,Progressive Paces,Progressive Carries,Goal realization,xAG/90,Cmp/90,Key passes,Passes into 1/3,Shot-Creating Actions,Goal-Creating Actions,Tackles+Interception,Dribbling,Carriers into 1/3,Fouls Commited,Rating
Bayer Leverkusen,Florian Wirtz,21.0,26.2,6.7,5.0,0.6,0.27,52.3,2.2,3.7,5.66,0.99,1.6,3.1,2.7,0.8,88
Real Madrid,Luka Modrić,38.0,20.4,10.2,3.0,0.4,0.34,84.5,3.2,11.0,6.01,0.74,2.8,0.7,2.8,1.1,85
Real Betis,Isco,32.0,17.3,8.8,2.2,0.4,0.25,55.3,3.5,6.9,6.46,0.81,1.8,1.6,3.1,1.3,83
Barcelona,Pedri,21.0,32.2,11.2,2.9,1.8,0.23,74.7,2.2,10.3,5.16,0.53,2.7,1.2,3.2,0.3,80
Wolverhampton Wanderers,Matheus Cunha,25.0,29.0,5.0,3.9,6.4,0.27,28.0,1.9,3.2,4.57,0.55,1.9,2.1,3.3,1.4,79
Tottenham Hotspur,James Maddison,27.0,20.3,8.1,2.2,3.2,0.21,50.3,2.0,6.1,4.73,0.9,2.1,1.6,1.9,1.6,77
Villarreal,Alex Baena,23.0,29.0,6.5,3.1,-0.1,0.4,29.6,3.3,3.3,5.86,0.73,1.7,0.7,3.2,1.5,77
Atalanta,Ademola Lookman,26.0,25.2,2.9,5.6,4.7,0.28,27.1,2.4,1.2,5.41,0.6,1.4,1.5,2.8,1.2,76
Bayern Munich,Jamal Musiala,21.0,20.1,5.3,3.5,2.7,0.22,38.7,2.0,3.7,5.56,0.45,2.2,3.6,2.4,1.0,76
RB Leipzig,Xavi Simons,21.0,24.0,5.8,3.5,4.9,0.26,39.3,2.1,3.3,4.52,0.5,1.7,1.4,3.0,1.0,75
Atalanta,Lazar Samardzic,22.0,13.0,7.1,4.2,0.0,0.22,41.5,2.7,4.6,5.93,0.46,1.8,2.1,3.1,1.5,75
Manchester United,Amad Diallo,22.0,21.2,2.8,5.1,3.3,0.23,37.5,2.3,1.3,4.59,0.85,2.3,1.9,2.5,1.0,75
Bayern Munich,Joshua Kimmich,29.0,31.6,11.5,1.6,1.2,0.23,103.4,2.6,13.8,5.03,0.57,2.3,0.4,2.6,0.5,75
Real Betis,Giovani Lo Celso,28.0,16.3,8.1,1.6,3.2,0.3,47.0,2.6,5.5,5.74,0.56,2.4,1.3,1.9,0.8,74
Real Madrid,Arda Güler,19.0,14.0,6.6,2.4,-0.3,0.32,54.5,2.9,5.9,5.69,0.79,2.6,1.4,2.4,1.1,73
Sint Truiden,Bilal Brahimi,24.0,16.6,5.6,4.9,-1.5,0.36,38.0,3.3,3.7,5.5,0.36,1.1,1.8,3.9,0.5,73
Auxerre,Gaëtan Perrin,28.0,30.1,4.7,2.8,3.9,0.26,24.2,2.4,2.9,4.18,0.6,2.0,2.0,2.0,0.8,73
Monchengladbach,Kevin Stöger,30.0,17.3,7.0,2.3,-0.9,0.31,49.0,3.1,5.2,6.15,0.46,3.1,1.0,2.3,1.3,72
Arsenal,Martin Ødegaard,25.0,26.0,9.9,3.5,-1.8,0.21,47.6,2.4,5.1,4.8,0.7,1.0,1.0,3.3,0.5,72
Manchester City,Kevin De Bruyne,33.0,19.0,8.3,2.7,-1.1,0.42,47.8,3.0,4.6,5.97,0.58,1.3,0.7,2.7,0.9,72
Manchester United,Bruno Fernandes,29.0,33.6,9.7,2.3,-1.9,0.25,50.8,2.7,6.4,5.76,0.39,3.3,0.8,1.9,1.0,71
Charleroi,Adem Zorgane,24.0,29.9,12.8,1.3,-0.1,0.22,73.2,2.6,10.0,5.21,0.33,3.7,0.9,2.1,0.8,71
Barcelona,Dani Olmo,26.0,13.6,6.0,2.4,3.5,0.22,38.2,1.9,3.6,4.9,0.89,1.4,1.7,2.6,1.5,71
Chelsea,Cole Palmer,22.0,35.6,6.0,3.4,-2.3,0.31,32.0,2.4,4.6,5.7,0.42,1.3,1.4,2.1,0.4,70
Roma,Matìas Soulé,21.0,20.0,4.4,4.2,2.0,0.26,39.2,2.6,2.6,4.55,0.4,1.8,1.8,2.8,0.6,70
Atletico Madrid,Rodrigo De Paul,30.0,23.6,9.8,3.6,1.7,0.24,61.4,1.8,7.6,3.84,0.56,1.7,0.6,2.8,0.8,70
Tottenham Hotspur,Dejan Kulusevski,24.0,26.6,4.7,4.5,2.8,0.23,24.7,2.4,2.3,4.82,0.34,2.2,1.4,2.5,1.8,69
Internazionale,Hakan Çalhanoğlu,30.0,21.8,7.9,2.4,0.6,0.26,67.2,2.2,6.6,4.58,0.65,2.8,0.1,2.4,1.0,69
Monaco,Eliesse Ben Seghir,19.0,19.6,6.2,4.3,0.5,0.27,38.5,1.7,3.6,3.96,0.36,2.2,1.8,4.2,1.3,69
Everton,Dwight McNeil,24.0,15.3,4.5,2.5,2.9,0.34,30.1,2.4,2.6,4.73,0.66,1.2,1.6,2.2,0.4,68
Atalanta,Charles De Ketelaere,23.0,23.2,6.0,4.7,-0.3,0.26,32.5,1.7,3.5,3.83,0.61,0.7,1.9,3.2,0.9,68
Club Brugge,Hans Vanaken,31.0,28.7,8.3,1.9,1.8,0.21,58.2,1.9,5.5,4.18,0.63,1.6,0.6,2.4,0.7,68
Barcelona,Frenkie de Jong,27.0,12.7,9.4,2.8,1.3,0.16,85.4,1.7,11.0,3.39,0.87,2.4,0.4,3.0,1.1,68
Werder Bremen,Romano Schmid,24.0,31.6,8.8,3.4,0.7,0.2,39.2,2.2,5.4,4.8,0.41,1.7,1.4,2.4,0.9,68
Genk,Konstantinos Karetsas,16.0,13.0,4.6,4.4,-0.7,0.28,36.4,3.2,2.7,5.66,0.23,1.3,2.2,3.8,1.7,68
Fiorentina,Yacine Adli,24.0,13.5,7.6,1.8,3.0,0.18,53.2,1.7,6.2,3.64,0.73,2.8,0.9,2.1,0.7,67
Bayer Leverkusen,Aleix García,27.0,16.3,7.4,1.7,2.0,0.3,74.4,2.0,8.3,3.71,0.62,1.5,0.2,2.1,0.5,66
Real Madrid,Dani Ceballos,27.0,13.6,11.0,3.1,-0.4,0.12,94.4,1.6,11.5,4.22,0.37,4.0,0.6,2.2,1.0,66
Strasbourg,Dilane Bakwa,21.0,27.9,4.6,3.8,1.3,0.24,29.0,1.7,2.4,3.97,0.58,1.5,1.8,2.5,1.0,65
Manchester City,Mateo Kovačić,30.0,24.5,6.7,2.3,4.1,0.15,71.1,1.3,8.4,2.99,0.33,3.8,0.9,3.2,1.0,65
Brentford,Mikkel Damsgaard,24.0,32.6,7.2,2.2,-0.8,0.26,34.0,1.9,5.1,3.71,0.65,3.4,1.5,1.7,0.6,65
Paris Saint Germain,Fabián Ruiz Peña,28.0,21.5,9.5,2.2,-0.3,0.22,67.8,1.7,7.2,4.16,0.65,2.5,0.7,2.0,0.3,65
Mainz 05,Nadiem Amiri,27.0,27.6,7.4,1.8,1.5,0.24,49.7,2.3,6.3,4.33,0.55,2.4,1.2,1.6,1.6,65
Monaco,Aleksandr Golovin,28.0,12.9,8.7,3.0,0.7,0.19,40.5,1.9,6.0,3.74,0.08,3.9,1.7,2.8,1.9,65
Kortrijk,Abdelkahar Kadri,24.0,18.6,5.6,2.5,-1.9,0.2,35.3,1.6,4.2,4.29,0.43,2.5,2.4,2.6,0.5,64
Real Sociedad,Takefusa Kubo,23.0,26.5,4.2,5.0,1.4,0.17,26.2,1.7,2.2,4.33,0.3,1.8,2.8,2.4,0.8,64
Paris Saint Germain,João Neves,19.0,20.6,7.0,1.7,0.0,0.19,72.4,1.6,6.2,3.32,0.68,4.2,0.8,2.1,0.8,64
Como,Nicolás Paz,19.0,30.0,5.4,2.6,-3.3,0.2,33.1,1.8,3.9,4.82,0.54,2.4,2.3,2.1,1.6,63
Barcelona,Fermin López,21.0,14.0,5.6,2.2,0.4,0.28,39.4,2.1,4.6,4.1,0.5,1.7,1.8,1.6,1.9,63
Rennes,Ludovic Blas,26.0,25.6,4.5,3.2,1.0,0.18,27.1,1.8,3.0,4.2,0.63,2.0,1.7,1.8,1.2,63
Anderlecht,Mario Stroeykens,19.0,17.1,6.5,1.4,0.7,0.17,43.7,1.5,4.1,4.02,0.77,3.1,1.1,2.0,0.9,62
Paris Saint Germain,Vitinha,24.0,22.7,9.9,2.3,1.6,0.11,98.5,1.2,11.3,3.22,0.18,2.5,1.2,2.6,0.4,62
Mechelen,Geoffry Hairemans,32.0,13.3,8.0,2.2,0.9,0.26,42.2,2.3,4.7,4.25,0.38,2.5,0.5,2.7,1.0,62
Valladolid,Iván Sánchez,31.0,15.7,4.9,3.8,1.3,0.18,26.9,1.5,3.3,4.11,0.32,3.2,1.8,2.2,1.0,61
Dortmund,Julian Brandt,28.0,25.8,5.8,2.4,0.2,0.33,36.9,2.4,3.6,3.99,0.55,1.6,0.7,1.9,0.3,61
Internazionale,Nicolò Barella,27.0,27.8,8.5,2.3,0.8,0.16,53.4,2.0,6.2,4.07,0.54,2.2,0.8,1.7,0.9,61
Real Madrid,Jude Bellingham,21.0,27.7,7.2,2.7,-2.4,0.14,48.1,1.5,4.7,3.8,0.47,3.2,1.5,2.2,1.2,61
Nice,Sofiane Diop,24.0,11.9,5.4,2.2,0.0,0.24,36.6,2.0,3.9,3.98,0.76,3.4,0.8,1.6,1.4,60
Nice,Badredine Bouanani,19.0,12.3,3.6,3.8,0.3,0.2,26.8,1.6,1.5,3.85,0.74,1.8,1.1,2.7,1.1,59
Liverpool,Alexis Mac Allister,25.0,29.0,6.1,1.2,2.2,0.16,43.9,1.6,4.2,4.15,0.52,4.0,0.6,1.5,2.1,59
Wolfsburg,Patrick Wimmer,23.0,19.9,4.6,2.3,-0.7,0.15,21.5,1.2,2.8,3.61,0.61,4.0,1.9,2.2,1.8,59
Beerschot Wilrijk,Thibaud Verlinden,25.0,19.5,3.2,7.8,-0.4,0.2,28.8,1.7,1.3,3.81,0.21,1.5,2.1,3.0,0.9,59
Arsenal,Declan Rice,25.0,31.5,6.1,2.9,0.5,0.21,43.7,1.9,4.3,3.54,0.32,2.5,0.4,1.8,0.7,58
Bournemouth,Justin Kluivert,25.0,26.2,4.0,3.1,1.7,0.18,22.2,1.7,1.7,3.88,0.46,1.4,1.4,2.1,1.8,58
Celta Vigo,Óscar Mingueza,25.0,30.4,6.6,2.3,2.5,0.18,55.7,1.2,5.8,3.2,0.46,2.0,0.8,2.0,0.8,58
Stuttgart,Angelo Stiller,23.0,30.5,9.5,1.3,-0.8,0.24,72.8,1.9,8.9,3.64,0.33,2.5,0.7,1.3,0.7,58
Bayer Leverkusen,Granit Xhaka,31.0,32.1,9.9,1.3,1.1,0.14,78.8,1.6,11.6,3.74,0.56,1.9,0.2,1.6,1.0,58
Bayer Leverkusen,Exequiel Palacios,25.0,12.9,7.5,1.2,-0.5,0.18,71.5,2.2,7.5,3.67,0.7,2.7,0.6,1.3,0.7,58
Eintracht Frankfurt,Ansgar Knauff,22.0,17.9,3.2,3.0,-0.9,0.29,20.3,1.5,0.9,3.5,0.56,3.0,1.5,2.0,1.5,58
Chelsea,Enzo Fernández,23.0,32.8,6.5,1.8,-0.1,0.21,46.3,2.3,5.1,4.49,0.49,2.4,0.8,1.7,1.6,58
Lille,Hákon Arnar Haraldsson,21.0,19.7,5.2,2.6,1.2,0.14,38.1,1.8,3.2,3.59,0.36,2.2,1.4,2.3,1.0,57
Nice,Jeremie Boga,27.0,11.8,3.3,5.4,-1.3,0.24,27.9,2.0,0.9,4.36,0.26,1.1,2.1,3.1,0.1,57
Mechelen,Rob Schoofs,30.0,27.5,7.7,2.2,-0.4,0.16,49.9,2.0,5.6,3.97,0.29,2.9,1.0,2.4,0.8,57
Nottingham Forest,Morgan Gibbs-White,24.0,31.4,5.2,2.2,0.7,0.16,31.6,1.6,4.1,3.69,0.61,2.1,1.0,1.7,1.2,57
Athletic Club,Oihan Sancet,24.0,18.2,4.9,2.9,5.3,0.1,25.3,1.2,3.6,2.77,0.44,1.0,1.3,2.1,0.9,57
Milan,Tijjani Reijnders,26.0,34.8,6.6,3.2,2.5,0.1,38.9,1.4,3.9,3.37,0.29,1.8,1.0,2.8,0.8,57
Valladolid,Raúl Moro,21.0,26.1,3.1,4.3,-0.1,0.22,19.8,1.7,1.6,3.61,0.35,1.2,2.2,2.6,0.2,57
Club Brugge,Ardon Jashari,22.0,21.0,7.1,1.4,0.3,0.2,55.9,1.1,7.2,2.83,0.43,2.2,0.9,2.2,1.1,56
Newcastle United,Bruno Guimarães,26.0,36.5,7.4,1.8,0.7,0.17,40.6,1.4,4.9,3.66,0.5,3.1,0.9,1.3,1.8,56
Liverpool,Dominik Szoboszlai,23.0,27.8,4.7,2.6,-1.3,0.27,40.1,2.0,3.2,4.3,0.58,1.7,0.8,1.8,1.6,56
Aston Villa,Youri Tielemans,27.0,33.7,7.0,1.2,-0.3,0.21,50.3,1.8,6.8,3.63,0.36,3.2,0.9,0.8,1.2,56
Rayo Vallecano,Pedro Díaz,26.0,13.5,4.6,2.0,0.6,0.16,33.0,1.9,3.3,3.72,0.37,2.2,1.5,2.2,0.5,55
Stuttgart,Chris Führich,26.0,22.2,4.3,5.1,-0.9,0.17,36.4,1.4,1.8,3.86,0.36,0.9,1.8,3.1,0.4,55
Como,Maxence Caqueret,24.0,12.2,6.2,1.2,1.2,0.12,38.7,1.6,5.5,3.4,0.66,3.5,1.1,1.4,1.4,55
Crystal Palace,Adam Wharton,20.0,14.8,7.2,0.9,-0.4,0.2,37.0,1.8,5.3,4.03,0.41,3.6,0.1,1.6,0.8,55
Manchester City,Phil Foden,24.0,19.9,5.2,2.5,1.8,0.24,39.7,2.2,2.1,4.46,0.46,1.1,0.7,1.5,0.3,55
Marseille,Adrien Rabiot,29.0,27.6,6.1,2.9,1.7,0.14,47.4,1.0,5.3,2.39,0.4,2.5,0.9,1.9,1.9,55
Antwerp,Tjaronn Chery,36.0,26.5,5.3,1.8,2.5,0.2,27.4,2.0,3.1,3.57,0.47,0.9,0.8,1.7,0.6,55
Montpellier,Téji Savanier,32.0,26.3,7.0,1.0,-1.8,0.26,39.2,2.5,6.3,4.83,0.28,1.7,1.0,1.4,0.8,55
Auxerre,Hamed Junior Traorè,24.0,23.4,4.2,2.8,2.1,0.12,20.3,1.2,2.3,3.05,0.3,2.1,1.5,2.1,1.3,55
Angers,Himad Abdelli,24.0,31.7,6.5,3.4,-0.4,0.1,43.3,1.2,5.4,2.98,0.16,2.3,1.8,2.8,1.5,55
Charleroi,Yassine Titraoui,21.0,16.6,7.5,2.0,-0.7,0.07,48.1,1.0,7.0,3.09,0.42,3.9,1.0,2.5,1.6,55
Westerlo,Dogucan Haspolat,24.0,29.0,5.0,0.7,1.2,0.15,33.0,2.2,4.6,3.42,0.35,4.7,0.6,1.0,1.4,54
Dortmund,Pascal Groß,33.0,26.0,6.8,1.6,-2.4,0.2,61.1,2.2,4.6,3.71,0.66,2.0,0.1,1.7,0.7,54
Monaco,Lamine Camara,20.0,23.0,6.1,1.1,-0.3,0.19,53.2,1.9,5.8,3.59,0.57,4.2,0.5,1.3,2.0,54
Celta Vigo,Hugo Álvarez,21.0,17.5,3.4,4.2,1.5,0.06,45.7,1.0,2.0,2.63,0.52,1.9,1.8,2.2,1.4,54
Real Madrid,Federico Valverde,26.0,33.8,6.7,2.0,3.3,0.09,59.5,1.2,6.9,2.58,0.39,3.1,0.5,1.7,0.4,54
Parma,Hernani,30.0,14.8,5.3,2.0,0.2,0.1,31.3,1.7,3.0,2.92,0.34,4.5,0.5,2.4,2.2,54
Bournemouth,Ryan Christie,29.0,23.7,5.8,1.4,0.2,0.15,35.3,1.7,5.0,3.62,0.38,3.5,1.0,1.7,1.8,54
Manchester City,Bernardo Silva,29.0,29.7,4.5,3.4,0.1,0.17,52.1,1.8,2.9,3.1,0.27,2.7,0.9,2.2,0.9,54
Lens,Angelo Fulgini,27.0,11.7,5.9,2.5,-1.4,0.32,43.5,2.4,2.6,4.65,0.17,1.4,0.9,2.2,1.4,54
Espanyol,Edu Expósito,27.0,11.7,5.5,2.0,-1.0,0.27,27.2,2.4,3.1,3.79,0.17,3.2,1.3,1.7,1.2,54
Monchengladbach,Alassane Pléa,31.0,21.3,5.4,2.4,3.6,0.15,26.9,1.2,3.8,3.41,0.66,0.4,0.8,1.5,0.8,53
Lyon,Corentin Tolisso,29.0,26.0,6.4,1.2,1.7,0.19,52.3,1.2,5.7,3.13,0.58,3.0,0.4,1.3,1.7,53
Strasbourg,Sebastian Nanasi,22.0,23.7,5.3,2.2,-0.5,0.21,27.1,1.6,3.1,3.63,0.73,1.1,0.8,1.7,0.4,53
Crystal Palace,Eberechi Eze,26.0,28.9,3.4,2.4,-2.4,0.21,26.9,2.0,1.7,4.69,0.35,1.7,2.3,1.7,0.4,53
Real Madrid,Eduardo Camavinga,21.0,12.3,5.0,2.1,0.6,0.07,56.9,0.9,5.0,2.54,0.16,4.9,1.2,2.2,1.7,52
Leicester City,Bilal El Khannouss,20.0,24.5,5.2,3.0,0.7,0.19,32.6,1.7,3.6,3.22,0.29,2.3,1.4,1.8,1.2,52
Wolverhampton Wanderers,Jean-Ricner Bellegarde,26.0,18.8,2.3,2.8,0.5,0.2,25.3,1.4,1.6,3.06,0.59,2.6,0.7,2.0,1.6,52
Internazionale,Henrikh Mkhitaryan,35.0,26.8,7.4,2.7,-0.5,0.1,49.5,1.1,5.8,3.8,0.45,2.2,0.3,2.1,1.2,52
Anderlecht,Yari Verschaeren,23.0,16.9,4.0,2.2,0.4,0.15,37.0,1.7,3.4,3.58,0.48,2.7,0.9,1.5,0.4,52
Union SG,Charles Vanhoutte,25.0,22.6,6.6,1.2,0.0,0.08,47.6,1.5,5.6,3.1,0.31,3.8,0.4,2.0,1.2,52
Genk,Bryan Heynen,27.0,26.2,9.8,1.3,-1.7,0.11,59.5,1.1,8.1,2.8,0.27,3.5,0.9,2.1,0.7,52
Brest,Kamory Doumbia,21.0,14.8,4.9,1.1,0.3,0.08,37.9,1.8,3.8,3.95,0.48,4.7,1.3,1.4,1.1,52
Valencia,Domingos André Ribeiro Almeida,24.0,22.2,6.4,2.0,-1.2,0.14,35.9,1.9,4.3,3.92,0.27,2.5,1.0,2.2,1.3,52
Manchester United,Christian Eriksen,32.0,11.9,4.6,1.1,-0.4,0.27,49.6,2.6,4.5,4.74,0.59,2.2,0.0,1.2,0.7,52
Athletic Club,Iñigo Ruiz de Galarreta,30.0,16.6,8.3,1.6,-0.5,0.17,41.1,1.7,6.1,3.04,0.37,3.1,1.0,0.8,2.6,52
Atletico Madrid,Samuel Lino,24.0,17.4,4.2,4.1,-3.0,0.17,37.5,1.3,2.4,2.84,0.35,2.4,1.6,2.8,0.9,52
Manchester City,İlkay Gündoğan,33.0,24.8,5.1,2.6,-2.2,0.14,61.5,1.8,4.4,3.56,0.53,1.5,0.7,2.3,0.6,52
Hoffenheim,Tom Bischof,19.0,28.6,4.8,1.6,2.8,0.13,42.3,1.7,3.8,4.12,0.25,4.4,1.0,1.2,1.6,52
Augsburg,Alexis Claude-Maurice,26.0,23.6,2.6,2.5,4.3,0.05,23.0,0.9,1.6,3.29,0.26,2.4,1.8,2.0,1.1,52
Real Betis,Pablo Fornals,28.0,20.5,7.1,1.6,0.2,0.16,43.3,1.8,4.5,4.33,0.44,2.1,0.4,1.7,0.6,52
RB Leipzig,Antonio Nusa,19.0,17.4,3.0,3.3,1.4,0.16,24.1,1.1,1.8,2.37,0.29,2.2,2.2,2.1,0.8,51
Saint Etienne,Florian Tardieu,32.0,14.0,9.9,0.8,1.4,0.09,62.1,1.4,9.1,3.48,0.39,2.4,0.2,1.2,0.7,51
Mallorca,Roberto Navarro,22.0,14.4,3.5,3.1,-1.0,0.13,24.8,0.9,1.9,3.1,0.14,3.3,2.4,3.2,1.0,51
Lens,Adrien Thomasson,30.0,29.2,5.1,1.0,-2.9,0.21,45.1,1.9,3.4,3.75,0.38,3.7,0.9,1.2,1.7,51
Villarreal,Yeremi Pino,21.0,21.8,3.0,1.9,0.1,0.24,24.0,1.7,1.6,3.12,0.51,3.1,1.1,1.2,2.2,51
Eintracht Frankfurt,Fares Chaïbi,21.0,11.3,4.6,1.8,-1.6,0.26,26.9,2.1,2.7,4.43,0.62,2.0,0.6,1.2,0.4,51
Bayern Munich,Leon Goretzka,29.0,14.8,8.6,2.4,1.2,0.11,74.4,0.8,9.9,1.9,0.14,2.8,0.5,2.4,0.8,51
Atalanta,Marten de Roon,33.0,34.0,7.1,1.1,3.1,0.07,57.4,0.7,6.9,2.15,0.41,3.6,0.2,1.5,1.4,51
Juventus,Khéphren Thuram,23.0,26.0,4.7,2.8,0.5,0.14,47.2,1.0,4.8,2.17,0.39,2.2,1.5,2.3,1.4,51
Parma,Adrian Bernabe,23.0,16.3,7.1,2.3,-0.3,0.07,50.5,1.3,6.3,3.59,0.25,2.2,0.9,2.4,0.6,51
Newcastle United,Joe Willock,24.0,12.2,3.4,3.1,-1.6,0.17,24.6,1.8,2.3,3.73,0.33,3.0,1.0,2.3,1.9,51
Mainz 05,Paul Nebel,21.0,26.1,3.5,2.6,4.2,0.16,32.7,1.3,1.5,3.23,0.23,2.0,1.0,1.7,1.4,51
Marseille,Valentin Rongier,29.0,17.5,6.3,1.4,2.0,0.06,72.6,0.6,6.3,2.02,0.35,4.7,0.6,1.4,2.1,50
OH Leuven,Siebe Schrijvers,28.0,20.3,5.6,0.9,-1.2,0.12,30.0,1.5,3.6,3.07,0.3,4.7,0.9,1.8,1.1,50
Mechelen,Nikola Storm,29.0,15.7,3.8,4.2,0.8,0.18,25.2,1.1,2.2,3.35,0.45,1.3,1.3,1.8,0.3,50
Toulouse,Yann Gboho,23.0,26.1,3.9,4.4,-0.4,0.13,18.3,1.1,2.0,3.36,0.27,1.4,1.9,2.8,0.6,50
Espanyol,Álvaro Tejero,28.0,13.9,3.3,1.9,0.4,0.21,32.6,2.4,1.9,4.0,0.65,1.9,0.2,1.2,1.0,50
Holstein Kiel,Steven Skrzybski,31.0,14.8,4.3,1.1,2.5,0.2,21.1,1.5,2.4,3.47,0.34,2.0,0.9,1.1,1.1,50
Werder Bremen,Leonardo Bittencourt,30.0,11.0,5.8,1.7,0.4,0.15,51.9,1.3,5.1,3.57,0.46,3.6,0.1,1.2,1.4,50
Stuttgart,Jamie Leweling,23.0,18.7,2.7,2.9,0.4,0.2,21.9,1.3,1.3,2.82,0.49,1.4,2.2,2.1,0.9,50
Sint Truiden,Ryotaro Ito,26.0,22.5,5.9,1.3,-0.9,0.17,41.5,1.7,4.1,4.21,0.31,1.9,1.5,1.9,0.1,50
Marseille,Pierre Højbjerg,28.0,29.6,8.9,1.2,-1.3,0.13,90.3,1.5,7.8,3.38,0.34,3.6,0.2,1.1,1.0,50
Juventus,Manuel Locatelli,26.0,31.5,9.3,1.0,0.2,0.08,67.7,0.9,10.4,3.13,0.26,3.0,0.3,1.3,1.5,50
Como,Lucas Da Cunha,23.0,29.2,5.3,2.2,1.0,0.13,49.3,1.9,4.8,3.79,0.24,2.1,0.4,1.8,0.7,50
Stuttgart,Enzo Millot,22.0,20.6,5.7,2.1,-1.6,0.15,46.9,1.1,4.3,3.22,0.49,2.1,1.5,1.7,1.2,50
Atalanta,Mario Pašalić,29.0,22.0,6.8,2.0,-3.6,0.15,54.5,1.5,6.0,3.25,0.41,1.7,0.2,2.4,0.9,50
Brest,Pierre Lees-Melou,31.0,17.0,6.2,1.4,0.7,0.16,53.1,1.1,6.5,3.07,0.24,3.5,0.7,1.1,1.9,49
Real Sociedad,Sergio Gómez,23.0,30.6,3.0,1.4,0.1,0.29,35.2,1.8,2.5,3.35,0.33,2.9,0.7,1.5,0.9,49
Leganes,Óscar Rodríguez Arnaiz,26.0,14.8,4.1,1.6,-1.1,0.15,27.0,1.3,2.1,3.25,0.61,3.5,1.4,1.6,1.3,49
Manchester United,Alejandro Garnacho,20.0,24.5,2.3,5.8,-1.3,0.18,26.5,1.5,0.9,3.4,0.25,1.8,1.1,2.9,0.5,49
Empoli,Faustino Anjorin,22.0,12.5,4.4,2.2,1.1,0.14,28.4,1.4,3.5,2.59,0.4,3.4,1.3,1.4,1.9,49
Lazio,Mattéo Guendouzi,25.0,36.4,8.7,2.4,-0.4,0.09,53.9,1.2,7.9,3.25,0.19,1.9,0.4,2.2,0.8,49
Barcelona,Gavi,19.0,12.2,6.3,1.1,0.1,0.13,60.1,1.1,7.5,3.24,0.33,3.3,0.7,1.3,3.1,48
Fulham,Emile Smith Rowe,24.0,23.0,5.5,2.3,1.5,0.06,40.1,1.0,3.5,3.22,0.53,1.8,0.7,1.7,0.8,48
Atalanta,Éderson,25.0,32.1,6.7,1.2,-0.1,0.13,53.0,1.2,6.0,3.06,0.31,2.7,0.7,1.8,1.0,48
Bochum,Matúš Bero,28.0,28.6,5.0,1.0,1.0,0.13,31.3,1.9,3.6,4.21,0.25,2.9,0.7,1.3,1.7,48
Cagliari,Răzvan Marin,28.0,15.7,5.4,1.4,0.6,0.23,35.9,2.2,3.6,3.97,0.13,1.5,0.8,1.2,1.6,48
Antwerp,Mahamadou Doumbia,20.0,18.5,4.3,1.7,1.3,0.04,36.5,0.6,3.6,2.23,0.23,3.2,2.2,2.0,1.7,48
Gent,Franck Surdez,22.0,13.7,3.5,3.6,-1.1,0.23,22.3,1.1,1.5,2.95,0.44,2.3,0.8,2.6,1.3,48
Club Brugge,Hugo Vetlesen,24.0,13.0,5.5,1.8,-1.5,0.18,32.8,2.0,3.2,3.95,0.31,2.3,1.2,1.8,1.4,48
OH Leuven,Youssef Maziz,26.0,15.9,4.9,2.9,-0.4,0.13,31.6,2.3,3.9,4.74,0.06,1.3,1.3,1.8,1.2,48
Alaves,Joan Jordán,30.0,15.8,6.6,0.4,0.2,0.15,43.4,2.0,6.5,3.5,0.19,2.6,0.4,1.2,1.8,48
Brighton and Hove Albion,Georginio Rutter,22.0,18.6,3.6,2.3,0.4,0.13,12.7,1.0,1.6,3.47,0.43,2.6,1.5,1.9,1.8,48
Sevilla,Lucien Agoume,22.0,23.6,5.7,1.2,0.1,0.11,42.7,1.1,5.3,2.55,0.21,4.7,0.9,1.0,2.1,48
Lens,Andy Diouf,21.0,24.9,4.7,3.3,-1.9,0.11,34.1,1.3,2.4,3.44,0.12,2.1,1.7,3.0,1.7,48
Cercle Brugge,Francis Abu,23.0,18.5,6.9,0.3,-0.7,0.11,40.0,1.0,6.8,2.87,0.27,5.1,0.7,1.6,1.0,48
Nottingham Forest,Elliot Anderson,21.0,30.5,4.7,1.7,-0.1,0.11,35.6,1.2,4.0,2.87,0.33,4.0,1.2,1.0,1.6,48
Fulham,Andreas Pereira,28.0,22.6,4.6,1.3,-1.8,0.2,29.6,2.5,3.0,4.65,0.36,1.4,0.6,1.7,1.2,48
Real Sociedad,Ander Barrenetxea,22.0,14.2,3.4,3.0,-0.6,0.13,26.4,1.1,1.6,2.99,0.43,2.6,1.8,1.8,2.3,47
Strasbourg,Andrey Santos,20.0,31.7,4.7,0.9,4.9,0.1,44.2,0.9,4.4,1.77,0.19,4.5,0.6,0.4,0.9,47
Anderlecht,Theo Leoni,24.0,15.2,6.0,0.8,0.2,0.12,54.5,1.2,4.7,2.79,0.33,3.0,0.6,1.9,0.9,47
Getafe,Coba da Costa,22.0,11.3,1.4,4.1,-0.1,0.12,17.3,0.8,1.2,3.31,0.36,3.3,1.7,2.0,0.9,47
Union SG,Anouar Ait El Hadj,22.0,12.1,6.1,2.1,-0.6,0.12,32.6,1.5,3.9,3.52,0.08,2.4,1.2,1.9,0.6,47
Osasuna,Aimar Oroz,22.0,33.2,4.9,2.2,0.8,0.09,27.8,1.2,2.7,2.79,0.24,1.7,1.5,2.2,0.8,47
Wolverhampton Wanderers,Gonçalo Guedes,27.0,11.1,3.6,3.7,-1.2,0.12,23.3,1.3,1.6,2.71,0.72,1.9,0.8,2.4,1.4,47
Atalanta,Marco Brescianini,24.0,11.1,3.2,4.1,0.9,0.09,30.1,0.6,2.4,2.37,0.55,1.8,0.7,2.7,2.0,47
Villarreal,Daniel Parejo,35.0,25.4,6.9,0.7,0.5,0.07,53.3,0.9,6.9,3.05,0.48,3.0,0.3,1.1,0.8,47
Bologna,Nikola Moro,26.0,13.5,6.9,1.3,-0.5,0.06,47.9,1.5,7.3,3.56,0.44,3.6,0.5,0.8,1.6,47
Hoffenheim,Andrej Kramarić,33.0,30.9,4.6,2.4,-0.8,0.14,33.0,1.6,3.3,3.32,0.46,0.7,0.6,1.8,0.4,47
Werder Bremen,Jens Stage,27.0,24.6,4.2,1.1,2.8,0.11,31.2,0.9,2.7,2.57,0.61,2.7,0.3,1.0,1.5,47
Bayern Munich,Thomas Müller,34.0,13.7,3.6,1.8,-2.8,0.21,34.5,2.6,1.8,5.36,0.66,0.7,0.6,1.4,1.0,47
Rennes,Jordan James,20.0,13.2,5.1,1.6,-0.9,0.14,36.6,1.8,4.2,3.36,0.46,3.3,0.7,0.7,2.0,46
Mallorca,Dani Rodríguez,36.0,24.3,3.2,1.5,1.2,0.13,20.5,1.4,1.7,2.58,0.5,2.5,0.7,1.6,2.1,46
Venezia,Kike Pérez,27.0,12.5,4.8,1.4,0.1,0.1,38.0,1.3,4.9,2.5,0.16,4.1,1.0,1.5,2.5,46
Auxerre,Kévin Danois,20.0,16.3,5.8,1.2,-1.5,0.13,35.9,1.5,3.8,3.33,0.37,4.2,1.3,1.2,1.3,46
Arsenal,Thomas Partey,31.0,31.1,5.9,1.2,1.7,0.07,54.0,0.6,5.4,2.0,0.42,4.0,0.8,1.4,1.4,46
Udinese,Martín Payero,25.0,15.5,3.3,2.1,-0.2,0.08,22.8,1.0,3.0,3.32,0.33,2.4,1.9,2.3,2.3,46
Napoli,Scott McTominay,27.0,32.7,3.4,1.7,4.6,0.08,23.8,0.8,2.2,2.11,0.31,2.0,1.2,1.2,1.4,46
Southampton,Mateus Fernandes,20.0,32.5,4.5,2.3,-2.0,0.09,33.4,1.0,3.0,2.41,0.22,3.6,1.5,2.2,1.4,46
Heidenheim,Adrian Beck,27.0,17.9,3.9,2.1,0.7,0.07,32.5,1.2,3.0,3.16,0.23,2.5,2.2,0.9,0.9,46
Sevilla,Juanlu Sánchez,20.0,19.3,3.5,2.3,1.9,0.15,29.4,1.2,2.6,2.09,0.26,3.5,0.6,1.2,0.9,45
Valencia,Luis Rioja,30.0,31.7,3.2,2.9,1.7,0.14,25.9,1.1,1.3,2.61,0.32,1.7,1.4,1.8,0.6,45
Getafe,Luis Milla,29.0,32.0,4.8,1.0,-0.8,0.12,35.3,2.2,4.7,4.07,0.19,2.7,0.7,1.2,1.2,45
Bochum,Tom Krauß,23.0,12.0,7.0,1.3,-0.4,0.06,41.0,1.0,6.3,3.34,0.08,3.8,1.0,1.7,1.2,45
Atletico Madrid,Giuliano Simeone,21.0,21.6,2.3,3.2,-0.2,0.24,27.8,1.1,1.4,2.34,0.42,1.9,1.4,1.9,1.1,45
Torino,Nikola Vlašić,26.0,23.6,4.0,2.2,1.6,0.1,26.0,1.4,2.4,2.98,0.34,1.9,1.0,1.7,1.2,45
Milan,Yunus Musah,21.0,17.6,4.8,2.9,-1.9,0.1,35.9,1.3,3.4,2.58,0.23,1.9,1.2,2.5,2.0,45
Bayern Munich,Aleksandar Pavlovic,20.0,16.2,7.9,0.9,0.4,0.01,88.7,0.4,10.4,1.86,0.19,2.7,0.3,2.7,1.0,45
Eintracht Frankfurt,Mario Götze,32.0,17.3,5.1,1.7,0.1,0.18,37.9,2.0,3.2,3.39,0.18,2.8,0.5,1.3,0.9,45
Crystal Palace,Ismaila Sarr,26.0,30.3,2.8,2.5,-2.8,0.28,16.2,1.5,0.9,3.65,0.4,1.0,0.6,1.6,0.5,45
Udinese,Arthur Atta,21.0,14.0,4.1,2.2,-1.3,0.1,36.4,1.3,3.0,3.31,0.14,1.9,1.9,2.2,1.1,45
Alaves,Carles Aleñá,26.0,12.2,4.8,1.5,-0.7,0.11,29.4,1.6,2.9,3.64,0.33,1.7,1.0,2.0,0.9,45
Paris Saint Germain,Warren Zaïre-Emery,18.0,22.9,5.9,2.1,-0.7,0.06,68.0,0.8,5.1,2.28,0.18,3.2,0.9,2.8,1.1,45
Roma,Leandro Paredes,30.0,15.3,6.9,1.1,0.7,0.1,72.2,1.4,7.2,3.15,0.13,2.9,0.2,1.0,1.0,45
Mallorca,Sergi Darder,30.0,30.7,4.6,1.2,-0.1,0.12,32.0,1.8,4.0,3.15,0.23,1.8,1.1,1.9,0.7,45
Saint Etienne,Benjamin Bouchouari,22.0,19.8,6.7,2.4,0.4,0.05,45.6,0.8,6.2,2.71,0.16,2.5,1.4,1.2,0.8,45
Rayo Vallecano,Isaac Palazón Camacho,29.0,24.2,4.8,1.2,-0.7,0.18,32.4,2.0,3.2,4.57,0.21,1.2,1.0,1.2,1.6,45
Strasbourg,Félix Lemaréchal,20.0,19.9,2.9,1.8,0.5,0.15,27.7,1.5,1.8,2.83,0.3,2.5,1.2,1.1,1.5,44
Lens,Neil El Aynaoui,23.0,17.7,4.2,0.6,4.0,0.11,46.1,1.2,4.3,2.38,0.11,3.9,0.3,0.7,1.9,44
Villarreal,Santi Comesaña,27.0,28.6,5.4,1.4,-0.6,0.07,40.7,0.9,5.0,2.74,0.39,3.6,0.6,1.0,1.3,44
Atletico Madrid,Pablo Barrios,21.0,26.0,5.5,1.1,-0.3,0.09,50.0,1.0,5.7,2.55,0.43,3.1,1.0,1.3,1.1,44
Union SG,Noah Sadiki,19.0,27.0,5.3,1.7,-0.8,0.16,36.3,1.4,3.5,2.71,0.19,2.9,0.6,2.2,1.0,44
Strasbourg,Valentín Barco,20.0,13.0,4.9,1.5,-0.5,0.12,49.5,0.6,4.2,1.56,0.47,3.8,0.7,2.2,1.3,44
Freiburg,Eren Dinkçi,22.0,13.4,2.6,2.5,-1.1,0.16,22.2,1.7,1.8,3.23,0.38,2.1,1.2,1.9,0.7,44
Wolfsburg,Maximilian Arnold,30.0,26.2,4.9,0.3,2.1,0.13,40.0,1.7,5.0,3.17,0.38,2.2,0.0,0.4,1.1,44
Lille,Benjamin André,33.0,29.9,7.0,1.0,-1.4,0.06,53.0,0.7,6.9,1.77,0.3,5.1,0.3,1.1,1.7,44
Nice,Tanguy Ndombele,27.0,12.7,4.8,1.7,-1.4,0.19,32.7,1.4,3.2,2.46,0.32,3.9,2.0,0.6,0.8,44
Genk,Patrik Hrošovský,32.0,18.9,5.4,0.8,3.2,0.11,37.6,1.3,3.7,2.77,0.32,1.5,0.5,1.3,0.6,44
Chelsea,Moisés Caicedo,22.0,37.3,5.8,1.2,0.2,0.08,52.7,0.8,6.3,2.63,0.24,4.4,0.8,1.0,1.9,44
Dortmund,Felix Nmecha,23.0,16.9,5.0,1.2,2.7,0.07,47.0,0.8,5.4,1.91,0.36,3.4,1.0,1.2,1.3,44
Udinese,Sandi Lovrić,26.0,25.9,4.6,2.3,-0.6,0.13,28.9,1.2,3.1,3.16,0.39,2.6,0.8,1.7,2.1,44
Cagliari,Gianluca Gaetano,24.0,11.3,3.6,1.0,-2.9,0.19,22.8,1.9,2.4,4.28,0.45,1.5,1.2,1.3,1.4,43
West Ham United,Lucas Paquetá,26.0,26.6,5.8,1.0,-1.3,0.12,42.3,1.4,5.0,3.1,0.23,3.2,0.8,1.3,2.0,43
Manchester United,Casemiro,32.0,16.7,5.0,0.2,-0.9,0.14,46.7,1.3,4.9,3.19,0.24,5.8,0.2,0.6,1.2,43
OH Leuven,Ezechiel Banzuzi,19.0,23.2,3.5,2.0,-1.5,0.09,30.8,0.9,2.9,2.33,0.39,3.6,1.0,2.0,2.0,43
Valencia,Diego López,22.0,30.7,2.8,2.5,1.4,0.16,22.1,1.2,1.4,2.27,0.3,1.5,0.7,1.7,0.7,43
Union Berlin,Jeong Woo-yeong,24.0,14.2,4.4,2.3,0.2,0.12,26.8,1.3,2.1,3.49,0.36,1.5,0.8,1.7,1.1,43
Empoli,Jacopo Fazzini,21.0,15.5,3.2,2.2,0.9,0.03,19.7,0.8,1.7,3.19,0.46,2.5,1.5,1.6,1.5,43
Valencia,José Luis García Vayá,25.0,19.4,7.3,0.7,-0.1,0.11,50.0,1.6,8.4,2.74,0.15,3.2,0.4,0.8,1.3,43
Valencia,Javier Guerra,21.0,28.9,4.7,1.7,0.8,0.11,35.4,0.8,4.1,2.58,0.21,2.4,1.0,1.5,1.2,43
Rennes,Djaoui Cissé,20.0,12.6,6.7,1.3,0.6,0.02,43.4,0.5,5.2,2.17,0.08,3.7,1.0,2.0,2.0,43
Athletic Club,Mikel Jauregizar,20.0,25.0,4.7,0.6,0.9,0.06,36.2,0.9,4.2,2.93,0.36,4.5,0.8,1.0,1.8,43
Liverpool,Ryan Gravenberch,22.0,35.2,5.1,2.0,-1.1,0.09,48.8,0.7,4.3,1.94,0.17,3.7,1.1,2.1,1.3,43
Milan,Youssouf Fofana,25.0,27.9,6.3,1.6,-0.3,0.12,44.3,0.8,5.0,2.23,0.22,2.7,0.5,1.8,1.0,43
Monaco,Denis Zakaria,27.0,23.9,4.7,1.1,0.8,0.06,44.4,0.7,3.8,2.18,0.42,3.1,0.9,1.3,1.3,43
Espanyol,Jofre,23.0,24.3,2.0,2.7,0.5,0.1,14.5,1.0,0.7,2.33,0.21,1.5,1.6,2.1,1.2,43
Monaco,Takumi Minamino,29.0,25.0,4.6,2.0,-2.9,0.26,20.8,1.6,2.6,3.23,0.28,1.7,0.5,1.1,1.2,43
Beerschot Wilrijk,Ewan Henderson,24.0,18.9,4.3,1.9,-0.6,0.11,32.7,1.5,3.5,3.22,0.11,2.1,0.7,2.1,0.8,43
Girona,Iván Martín,25.0,22.8,5.7,2.5,-0.8,0.08,54.9,1.0,4.4,2.47,0.18,1.9,1.1,2.4,0.9,42
Monza,Gianluca Caprari,31.0,18.5,4.4,2.3,-1.2,0.13,31.3,1.6,2.1,3.43,0.27,1.5,0.5,2.0,1.0,42
Las Palmas,José Campaña,31.0,13.4,6.5,0.8,-0.1,0.07,52.5,1.0,5.4,2.95,0.3,3.0,0.6,0.9,0.5,42
Dender,Roman Květ,26.0,21.3,4.1,1.4,1.6,0.08,32.3,0.7,3.1,2.41,0.19,2.5,0.6,2.0,1.1,42
Kortrijk,Nayel Mehssatou,22.0,25.3,5.3,1.3,-1.0,0.13,32.4,1.1,4.3,2.54,0.32,2.9,1.0,1.7,0.5,42
Bournemouth,Lewis Cook,27.0,33.1,4.8,1.0,0.1,0.12,37.0,1.5,4.7,2.69,0.15,3.7,0.4,0.9,1.5,42
Wolverhampton Wanderers,João Gomes,23.0,33.2,5.0,1.8,0.1,0.04,41.6,0.7,3.7,2.03,0.12,4.2,0.9,1.5,2.1,42
Westerlo,Alfie Devine,19.0,17.9,5.1,1.8,0.7,0.07,27.8,1.1,3.5,2.97,0.22,2.1,0.7,1.8,0.6,42
Cercle Brugge,Hannes Van der Bruggen,31.0,22.4,7.3,0.2,-0.9,0.08,32.3,1.0,5.1,2.48,0.27,3.9,0.6,1.6,1.2,42
Brest,Mahdi Camara,26.0,29.7,3.7,2.0,0.9,0.07,34.4,0.9,2.7,2.4,0.24,3.5,1.0,1.3,1.4,42
RB Leipzig,Kevin Kampl,33.0,17.8,6.0,1.2,0.2,0.08,58.8,0.9,4.6,2.49,0.28,2.9,0.7,1.9,1.1,42
Rayo Vallecano,Unai López,28.0,19.2,5.8,1.1,1.4,0.05,54.2,1.0,5.5,2.79,0.11,2.7,0.8,1.2,0.9,42
Hellas Verona,Ondrej Duda,29.0,26.7,4.4,0.9,0.0,0.12,35.3,1.2,3.8,2.74,0.26,2.9,0.9,1.0,1.9,42
Liverpool,Curtis Jones,23.0,19.2,6.1,1.6,-1.3,0.06,53.2,1.1,4.4,2.74,0.42,2.4,0.6,1.2,0.9,42
Lazio,Nicolò Rovella,22.0,30.3,5.2,1.5,-1.5,0.07,61.5,1.0,5.7,2.35,0.1,4.3,0.6,1.6,1.4,42
Tottenham Hotspur,Lucas Bergvall,18.0,13.5,3.6,2.4,-0.7,0.04,46.6,0.8,3.9,1.63,0.3,4.7,1.6,1.6,1.5,42
Newcastle United,Joelinton,27.0,26.7,4.3,1.5,0.1,0.09,32.3,0.9,3.0,2.29,0.34,3.0,0.6,1.0,2.2,42
Roma,Bryan Cristante,29.0,22.8,6.4,1.1,1.9,0.06,46.8,0.8,6.3,2.24,0.22,2.9,0.3,1.3,1.6,42
Ipswich Town,Omari Hutchinson,20.0,28.8,2.6,3.4,0.1,0.12,24.0,1.1,1.6,2.82,0.21,1.5,1.8,1.4,1.0,42
Gent,Mathias Delorge,20.0,26.6,6.0,1.1,-0.5,0.06,46.5,1.5,4.9,2.94,0.23,2.9,0.6,1.4,0.9,42
Beerschot Wilrijk,Faisal Al Ghamdi,22.0,19.5,5.9,1.7,-2.0,0.06,39.8,0.7,5.0,2.82,0.16,4.5,1.1,1.4,1.4,42
Dender,Ragnar Oratmangoen,26.0,11.3,4.4,1.8,-0.3,0.07,36.0,0.9,3.8,2.05,0.18,2.7,1.2,2.0,1.2,41
Nice,Hicham Boudaoui,24.0,27.1,4.6,2.0,-0.7,0.11,34.8,0.8,2.8,2.4,0.26,3.6,0.9,1.7,1.5,41
Mainz 05,Lee Jae-sung,31.0,29.6,3.5,0.9,1.7,0.17,27.5,1.1,1.9,2.48,0.48,2.6,0.4,0.8,0.8,41
Toulouse,Cristian Cásseres Jr.,24.0,30.1,4.3,1.0,0.0,0.09,37.2,0.9,3.0,2.57,0.17,4.6,0.7,0.9,1.8,41
Kortrijk,Brecht Dejaegere,33.0,15.2,4.5,1.7,-0.7,0.07,26.8,1.1,3.6,2.98,0.26,4.7,0.7,1.4,1.4,41
Sint Truiden,Joel Fujita,22.0,26.7,5.3,0.7,-0.8,0.09,42.8,1.4,4.4,2.89,0.19,4.0,0.7,1.2,1.2,41
Napoli,Billy Gilmour,23.0,13.2,5.1,0.8,-0.5,0.14,60.9,1.6,4.9,3.06,0.31,2.5,0.4,0.9,1.1,41
Fiorentina,Rolando Mandragora,27.0,21.6,4.3,0.5,1.3,0.22,33.5,1.4,3.2,2.61,0.23,1.9,0.3,0.7,1.0,41
Barcelona,Marc Casado,20.0,18.0,5.9,0.7,-0.1,0.08,67.8,0.5,7.7,2.51,0.34,3.7,0.2,1.2,1.4,41
Saint Etienne,Louis Mouton,22.0,11.7,4.6,1.5,-1.3,0.11,37.8,1.4,3.6,2.41,0.17,5.0,1.0,0.8,2.1,41
Monza,Daniel Maldini,22.0,14.6,2.3,2.8,-1.8,0.06,17.9,0.8,1.0,2.75,0.34,1.2,2.1,2.1,1.0,41
Monchengladbach,Rocco Reitz,22.0,20.5,4.4,0.9,0.3,0.1,33.4,0.8,3.4,2.21,0.25,5.1,0.8,0.6,1.0,41
Sevilla,Saúl Ñíguez,29.0,17.3,3.8,0.8,-1.8,0.14,29.8,1.3,2.9,2.9,0.46,4.0,0.7,0.9,2.5,41
Rayo Vallecano,Pathé Ciss,30.0,23.9,5.4,0.8,2.2,0.05,41.8,0.7,4.3,1.98,0.08,3.7,0.6,1.0,1.9,40
Cercle Brugge,Erick Nunes,20.0,17.3,3.1,1.7,-1.7,0.1,17.8,1.0,1.8,2.34,0.29,4.3,1.5,1.6,1.1,40
Tottenham Hotspur,Pape Matar Sarr,21.0,21.4,4.1,1.5,-0.7,0.07,41.5,0.7,4.0,2.12,0.33,3.7,0.5,1.7,1.6,40
Milan,Ruben Loftus-Cheek,28.0,11.6,4.4,2.3,-0.7,0.16,37.5,1.4,3.4,2.95,0.17,1.9,0.9,1.7,2.0,40
Aston Villa,Amadou Onana,22.0,18.1,4.1,1.6,0.9,0.04,38.8,0.6,3.8,1.78,0.22,4.5,0.8,1.4,1.8,40
Atletico Madrid,Conor Gallagher,24.0,18.3,3.5,1.3,0.2,0.07,39.0,0.7,2.6,1.76,0.44,3.6,0.9,1.3,1.7,40
Roma,Manu Koné,23.0,28.7,5.0,2.4,-1.4,0.06,40.4,0.7,3.9,2.34,0.21,2.3,1.0,2.3,1.0,40
Villarreal,Pape Gueye,25.0,24.8,6.3,1.5,0.6,0.04,36.7,0.7,4.8,1.98,0.36,3.3,0.4,1.1,1.2,40
Internazionale,Kristjan Asllani,22.0,11.0,5.0,0.6,-0.5,0.17,78.9,1.4,6.7,2.82,0.27,2.1,0.1,1.3,0.8,40
Lecce,Hamza Rafia,25.0,11.9,4.3,1.1,-0.5,0.12,34.4,1.3,3.9,3.06,0.0,4.0,0.8,1.3,2.2,40
Celta Vigo,Hugo Sotelo,20.0,14.0,5.9,1.5,-0.2,0.12,62.4,1.4,7.1,2.87,0.0,2.4,0.6,1.3,1.4,40
Standard Liege,Isaac Price,20.0,19.7,4.4,1.8,-3.9,0.16,26.7,1.4,3.8,3.31,0.15,3.4,0.8,1.7,0.7,39
Beerschot Wilrijk,Ryan Sanusi,32.0,11.4,4.7,0.5,0.6,0.06,48.8,1.0,4.1,3.08,0.38,2.8,0.4,1.0,1.2,39
Las Palmas,Kirian Rodríguez,28.0,19.7,6.5,1.3,-1.6,0.08,52.1,0.8,5.4,2.51,0.36,2.2,0.6,1.2,0.5,39
Monaco,Soungoutou Magassa,20.0,11.4,5.5,0.5,-0.5,0.08,47.4,0.6,5.9,1.67,0.09,6.0,1.3,0.8,2.5,39
Antwerp,Denis Odoi,36.0,16.0,4.7,1.4,-0.1,0.07,45.9,0.7,4.2,1.94,0.25,2.6,0.6,2.1,1.7,39
Genk,Ibrahima Sory Bangoura,20.0,14.1,4.0,0.6,-0.5,0.02,43.8,0.6,4.0,1.85,0.14,6.2,1.1,1.8,2.6,39
Le Havre,Oussama Targhalline,22.0,11.1,5.9,2.3,-0.1,0.06,31.4,0.5,4.5,1.82,0.18,3.4,0.5,2.3,1.0,39
Real Sociedad,Brais Méndez,27.0,17.2,5.3,1.9,-0.5,0.12,36.7,1.3,4.0,2.53,0.12,1.8,0.8,1.0,2.4,39
Girona,Yangel Herrera,26.0,25.2,4.4,1.2,0.4,0.06,34.4,0.7,3.8,1.99,0.24,3.8,0.8,1.4,2.9,39
Getafe,Ramón Terrats,23.0,13.7,2.6,0.6,1.8,0.18,16.6,1.2,2.1,2.36,0.15,2.0,1.8,0.7,0.9,39
Napoli,Andre-Frank Zambo Anguissa,28.0,31.8,4.5,0.8,1.6,0.08,40.1,0.8,4.0,2.37,0.28,2.4,0.8,0.8,1.2,39
Heidenheim,Paul Wanner,18.0,19.8,3.2,1.4,-0.7,0.07,26.2,1.0,2.2,2.59,0.36,2.2,1.3,1.5,1.2,39
Atletico Madrid,Koke,32.0,21.5,6.1,1.0,-0.1,0.07,67.2,0.7,6.2,2.38,0.23,3.1,0.4,1.0,1.1,39
Holstein Kiel,Armin Gigovic,22.0,21.3,2.3,1.7,3.1,0.1,24.6,0.8,2.1,1.85,0.33,2.2,0.9,1.1,1.0,39
Celta Vigo,Ilaix Moriba,21.0,23.8,5.0,1.4,-0.7,0.06,35.4,0.8,4.5,2.32,0.21,3.4,0.6,1.5,1.3,39
West Ham United,James Ward-Prowse,29.0,11.6,4.7,0.9,-0.6,0.16,58.4,1.7,6.6,2.95,0.09,2.4,0.2,1.4,0.9,39
Brighton and Hove Albion,Carlos Baleba,20.0,29.7,4.0,1.4,-0.1,0.04,38.7,0.7,3.7,2.23,0.14,4.2,1.1,1.5,1.3,39
Tottenham Hotspur,Rodrigo Bentancur,27.0,18.4,5.4,1.5,0.7,0.02,51.4,0.5,5.9,2.46,0.16,4.3,0.5,1.3,1.8,39
Brentford,Christian Nørgaard,30.0,31.4,4.9,0.4,0.7,0.04,37.1,0.6,4.4,1.85,0.42,4.1,0.2,0.5,1.4,39
Brighton and Hove Albion,Yasin Ayari,20.0,22.0,3.4,1.4,-0.4,0.1,36.0,1.4,2.5,2.79,0.27,3.6,0.8,1.1,1.7,39
Strasbourg,Habib Diarra,20.0,26.2,4.4,2.3,0.7,0.17,31.0,1.0,2.4,2.18,0.31,1.3,0.5,1.4,1.0,39
Lyon,Nemanja Matić,35.0,22.5,6.7,1.6,-0.1,0.06,54.7,0.8,7.3,2.2,0.18,2.7,0.4,1.6,0.6,39
Sint Truiden,Robert-Jan Vanwesemael,22.0,15.7,3.6,2.5,0.3,0.05,33.8,0.8,2.4,1.67,0.06,3.1,1.0,1.9,1.3,38
Genoa,Fabio Miretti,20.0,18.8,2.9,1.8,-0.1,0.11,22.4,1.2,1.3,2.84,0.32,1.9,1.3,1.2,1.2,38
Crystal Palace,Will Hughes,29.0,23.6,3.7,0.8,-1.1,0.13,31.2,1.4,3.2,2.86,0.26,3.7,0.2,1.0,2.8,38
Manchester United,Manuel Ugarte Ribeiro,23.0,20.0,3.0,0.8,0.0,0.06,40.0,0.5,3.0,1.56,0.2,5.2,0.9,0.8,2.0,38
Fiorentina,Amir Richardson,22.0,12.3,3.8,1.5,0.1,0.05,43.8,0.7,3.7,1.56,0.33,2.9,0.9,1.6,2.5,38
Newcastle United,Sandro Tonali,24.0,29.3,4.4,1.3,-0.4,0.08,43.9,1.0,3.5,2.67,0.31,2.9,0.7,1.4,1.3,38
Como,Yannik Engelhardt,23.0,13.0,4.2,1.4,0.4,0.12,47.8,0.9,3.0,1.86,0.15,3.2,0.7,1.0,1.6,38
Holstein Kiel,Lewis Holtby,33.0,13.8,3.4,1.0,-0.5,0.11,39.1,1.5,2.1,2.69,0.22,4.0,0.5,0.7,0.9,38
Rennes,Azor Matusiwa,26.0,23.2,5.8,0.8,-0.2,0.08,42.0,0.7,4.7,1.99,0.26,4.2,0.7,0.7,1.2,38
Valladolid,Kike Pérez,27.0,13.4,5.0,1.4,-0.1,0.07,32.8,1.3,3.5,2.72,0.08,3.3,0.6,1.3,2.4,38
Standard Liege,Marko Bulat,22.0,14.2,2.0,0.8,-0.4,0.11,17.3,2.2,1.1,3.56,0.21,2.8,0.6,0.9,0.5,38
Getafe,Carles Pérez,26.0,16.0,1.2,1.9,0.6,0.09,14.1,1.1,1.1,2.52,0.06,2.4,1.3,2.1,2.8,38
Mallorca,Manu Morlanes,25.0,15.0,5.9,1.1,-0.6,0.02,42.0,0.7,5.6,2.35,0.0,4.5,0.2,1.5,1.0,38
Real Sociedad,Luka Sučić,21.0,20.0,4.0,1.5,-2.3,0.13,36.4,1.2,2.6,2.76,0.25,2.0,1.2,1.7,0.6,38
Hellas Verona,Tomáš Suslov,22.0,23.3,3.5,1.7,-1.6,0.08,16.6,1.2,1.7,3.2,0.17,3.1,1.5,1.2,2.3,38
Cercle Brugge,Lawrence Agyekum,20.0,21.9,3.4,1.2,-1.8,0.08,21.1,0.7,2.6,2.52,0.05,4.6,1.2,1.7,0.8,37
Arsenal,Mikel Merino,28.0,17.7,3.9,0.6,1.1,0.11,25.5,1.0,2.3,2.44,0.23,3.4,0.5,0.7,2.3,37
Lazio,Boulaye Dia,27.0,24.4,2.1,0.9,1.9,0.17,20.2,1.1,1.5,2.27,0.33,1.1,0.7,0.6,0.9,37
Juventus,Teun Koopmeiners,26.0,22.2,4.0,1.4,-0.9,0.13,34.3,1.7,2.8,2.84,0.14,1.8,0.5,1.3,1.4,37
Montpellier,Jordan Ferri,32.0,19.8,6.9,1.0,-0.4,0.05,56.5,0.7,6.0,2.39,0.25,2.6,0.5,0.8,1.8,37
RB Leipzig,Nicolas Seiwald,23.0,23.2,6.0,0.7,-0.2,0.07,48.1,0.9,5.3,2.12,0.13,3.6,0.2,0.9,1.2,37
RB Leipzig,Christoph Baumgartner,24.0,18.0,2.9,2.1,-2.5,0.07,23.4,1.1,2.2,2.35,0.34,3.1,0.9,1.9,2.4,37
Hoffenheim,Anton Stach,25.0,28.8,5.3,1.1,-1.0,0.08,44.1,0.9,4.2,2.19,0.17,3.9,0.5,1.1,1.3,37
Valladolid,Selim Amallah,27.0,15.4,3.7,1.6,-0.5,0.07,20.6,0.8,2.7,2.09,0.07,2.9,2.1,1.1,2.1,37
OH Leuven,Birger Verstraete,30.0,23.9,4.3,0.3,-0.7,0.07,33.5,1.0,4.3,2.06,0.21,4.1,0.3,0.9,1.4,37
Fulham,Saša Lukić,27.0,26.2,3.7,1.5,-1.2,0.1,42.0,1.0,4.0,2.11,0.15,3.7,0.3,1.5,2.5,37
Charleroi,Daan Heymans,25.0,28.0,5.3,1.1,-2.3,0.08,34.7,1.0,3.9,2.75,0.25,2.1,0.5,1.5,1.4,37
Roma,Niccolò Pisilli,19.0,13.7,4.6,1.6,-0.7,0.05,34.4,0.7,4.9,2.57,0.37,2.6,0.4,1.2,1.4,37
Crystal Palace,Daichi Kamada,27.0,17.5,5.0,1.4,-1.1,0.11,34.5,1.1,2.7,2.99,0.17,3.7,0.4,1.1,1.6,37
Everton,Idrissa Gana Gueye,34.0,34.1,4.3,0.8,-1.1,0.05,36.1,0.6,4.5,1.76,0.12,5.3,0.5,0.8,1.6,36
Como,Máximo Perrone,21.0,20.7,4.7,0.8,-0.9,0.11,58.6,1.4,4.7,2.37,0.19,2.8,0.1,0.9,1.3,36
Athletic Club,Beñat Prados,23.0,19.2,4.1,1.0,0.0,0.06,33.7,0.6,3.6,1.1,0.16,4.3,0.8,1.0,2.1,36
Bochum,Ibrahima Sissoko,26.0,29.2,3.6,1.2,0.3,0.05,27.5,0.9,2.6,2.24,0.1,3.5,1.1,0.8,2.6,36
Hellas Verona,Reda Belahyane,20.0,18.5,3.9,1.2,-0.2,0.05,31.7,0.9,3.8,2.23,0.16,2.5,1.8,0.9,1.7,36
Osasuna,Jon Moncayola,26.0,23.5,4.6,1.1,-1.6,0.16,31.4,1.4,3.2,2.87,0.17,3.4,0.2,0.6,1.4,36
Wolverhampton Wanderers,Mario Lemina,30.0,15.2,3.2,0.5,-0.4,0.07,32.4,0.7,2.8,1.71,0.33,5.1,0.7,0.8,1.1,36
Montpellier,Khalil Fayad,20.0,11.5,4.3,2.2,-1.3,0.03,37.0,0.6,3.0,1.66,0.09,3.6,1.5,1.3,1.8,36
Bologna,Tommaso Pobega,25.0,13.1,3.2,0.9,-0.1,0.11,29.3,0.9,3.9,2.06,0.31,3.6,0.2,0.8,2.5,36
Las Palmas,Javier Muñoz,29.0,28.8,3.8,1.2,-0.3,0.09,31.9,1.0,4.0,2.02,0.28,2.6,0.7,1.0,1.0,36
Lille,André Gomes,31.0,14.3,7.1,1.3,-0.5,0.05,60.2,0.7,6.7,1.83,0.07,2.3,0.7,1.3,1.7,36
Dortmund,Marcel Sabitzer,30.0,18.0,5.4,1.3,-0.8,0.09,40.4,0.7,4.2,2.34,0.33,2.2,0.3,1.7,0.7,36
Mechelen,Kerim Mrabti,30.0,22.5,4.3,0.8,-0.9,0.13,32.0,0.9,3.1,2.51,0.31,2.0,0.2,1.3,0.8,36
Dender,Malcolm Viltard,21.0,12.1,5.2,1.1,-0.6,0.02,26.1,0.5,4.7,1.75,0.17,4.2,1.0,1.0,1.3,36
Celta Vigo,Fran Beltrán,25.0,27.0,5.6,1.0,1.0,0.07,48.6,0.6,4.9,1.6,0.15,2.8,0.4,1.1,1.3,36
Valencia,Enzo Barrenechea,23.0,24.6,5.1,0.9,-0.3,0.04,47.6,0.6,5.8,1.81,0.33,3.5,0.4,0.7,1.0,36
Reims,Amadou Koné,19.0,14.5,4.7,1.3,-0.5,0.02,35.7,0.6,3.7,1.95,0.14,4.7,1.0,1.0,1.3,36
Real Sociedad,Martín Zubimendi,25.0,32.9,5.9,1.2,-0.6,0.03,45.0,0.6,5.2,1.4,0.18,3.6,0.6,1.0,1.3,35
Wolfsburg,Mattias Svanberg,25.0,13.6,2.6,0.8,-0.6,0.12,19.0,1.0,2.6,2.14,0.37,2.6,0.7,1.2,1.2,35
Parma,Simon Sohm,23.0,33.3,4.2,2.1,0.9,0.06,31.5,0.6,3.7,2.35,0.09,1.6,0.5,1.7,0.6,35
Aston Villa,John McGinn,29.0,24.9,4.1,1.3,-2.1,0.14,28.1,1.2,2.8,3.08,0.32,1.9,0.8,0.7,1.7,35
Le Havre,Yassine Kechta,22.0,23.5,4.1,1.9,-0.5,0.05,25.5,0.6,2.6,2.06,0.17,3.7,0.6,1.4,1.8,35
Leganes,Seydouba Cissé,23.0,27.3,4.0,1.0,0.0,0.04,35.6,0.6,3.2,1.74,0.18,2.6,1.1,1.2,1.4,35
Las Palmas,Dario Essugo,19.0,21.7,3.5,0.8,0.3,0.02,37.4,0.6,3.4,1.67,0.05,4.7,0.6,1.0,1.7,35
St Pauli,Manolis Saliakas,27.0,25.8,3.6,1.1,0.5,0.1,37.1,1.0,3.0,2.29,0.19,2.6,0.1,1.3,0.6,35
Bologna,Remo Freuler,32.0,35.7,5.8,1.1,-0.3,0.04,47.7,1.0,5.7,2.08,0.08,3.3,0.1,1.2,1.3,35
Torino,Gvidas Gineitis,20.0,16.0,2.2,0.9,1.7,0.12,24.9,1.3,2.4,2.45,0.13,2.7,0.5,0.6,1.4,35
Lyon,Jordan Veretout,31.0,17.4,5.7,2.0,0.1,0.03,45.5,0.7,4.9,2.09,0.06,2.0,0.3,1.0,1.3,35
Westerlo,Arthur Piedfort,19.0,15.6,2.8,1.4,-0.9,0.08,18.0,1.3,2.1,2.85,0.19,3.2,0.6,1.2,0.6,35
Lecce,Þórir Jóhann Helgason,23.0,12.9,2.9,1.6,-1.2,0.09,19.8,1.7,1.8,3.04,0.55,1.2,0.6,0.5,0.8,35
Gent,Atsuki Ito,25.0,21.3,4.7,0.9,-0.1,0.07,31.4,0.9,3.3,2.08,0.19,3.9,0.5,1.4,1.5,35
Toulouse,Shavy Babicka,24.0,13.3,1.6,2.7,0.1,0.12,14.7,1.0,0.6,2.2,0.38,1.8,0.8,1.3,1.2,35
Nantes,Pedro Chirivella,27.0,26.3,6.5,0.6,-0.5,0.07,50.8,0.7,6.4,2.11,0.23,2.4,0.1,0.5,1.0,35
Toulouse,Vincent Sierro,28.0,26.8,5.5,0.6,0.8,0.13,40.1,1.1,3.8,2.36,0.15,2.2,0.4,0.8,1.3,35
Mainz 05,Kaishu Sano,23.0,33.8,4.7,1.6,-0.9,0.04,34.1,0.6,3.9,1.83,0.15,3.7,0.9,1.3,0.5,35
Le Havre,Abdoulaye Touré,30.0,25.9,4.2,0.7,0.6,0.02,33.5,0.3,3.5,1.9,0.19,3.7,0.7,0.5,1.2,35
Saint Etienne,Pierre Ekwah Elimby,22.0,28.7,5.1,0.7,0.3,0.03,49.0,0.6,5.0,1.45,0.14,3.5,0.6,0.5,1.5,35
Lille,Ngal'Ayel Mukau,19.0,13.3,4.3,1.4,-0.8,0.05,43.2,0.9,3.9,1.51,0.08,3.6,0.7,1.4,1.4,35
Bayer Leverkusen,Nathan Tella,25.0,15.3,1.4,2.5,-1.1,0.1,16.7,1.2,1.0,2.12,0.46,1.3,1.2,0.8,1.4,35
Montpellier,Rabby Nzingoula,18.0,18.9,2.1,1.3,0.0,0.08,24.0,0.4,1.7,1.92,0.0,4.9,1.3,1.6,2.0,35
Roma,Lorenzo Pellegrini,28.0,18.2,3.4,1.5,-2.7,0.14,28.5,1.5,1.9,3.32,0.28,1.6,0.6,1.5,1.4,35
Juventus,Weston McKennie,25.0,25.8,3.9,1.1,-0.9,0.14,36.0,1.2,2.7,2.34,0.35,1.8,0.8,1.2,1.2,35
Southampton,Joe Aribo,28.0,22.5,3.3,1.6,0.3,0.07,41.3,0.7,2.3,1.66,0.04,3.0,0.9,1.3,0.9,35
Celta Vigo,Sergio Carreira,23.0,18.4,2.9,2.1,-0.6,0.17,37.0,0.9,1.9,1.96,0.22,2.4,0.8,1.2,1.0,34
Hellas Verona,Suat Serdar,27.0,15.4,3.6,1.2,0.1,0.06,23.2,0.6,3.1,1.9,0.07,2.8,1.2,1.3,2.1,34
Brentford,Yehor Yarmoliuk,20.0,16.2,3.9,0.9,-0.6,0.06,40.8,0.6,4.4,1.62,0.12,3.8,0.8,1.2,1.2,34
Bournemouth,Tyler Adams,25.0,21.9,3.5,0.6,-1.6,0.05,41.2,0.8,3.1,1.88,0.18,5.3,0.2,1.0,2.1,34
Bologna,Jens Odgaard,25.0,21.9,2.3,1.6,2.4,0.08,17.1,0.7,1.6,2.08,0.28,1.3,0.7,1.2,1.9,34
Aston Villa,Boubacar Kamara,24.0,19.3,4.4,1.0,0.2,0.05,42.7,0.6,4.7,1.41,0.1,3.6,0.5,0.7,1.6,34
Leicester City,Harry Winks,28.0,17.1,5.9,1.1,-0.2,0.07,53.2,1.0,6.4,2.28,0.18,1.9,0.2,0.8,0.5,34
Athletic Club,Mikel Vesga,31.0,11.0,5.8,0.9,-1.2,0.09,39.0,1.1,4.6,1.91,0.09,3.4,0.6,1.2,1.3,34
Nantes,Johann Lepenant,21.0,22.9,3.9,1.1,0.6,0.04,25.4,0.3,3.1,1.63,0.26,3.8,0.8,1.1,2.2,34
Getafe,Alex Sola,25.0,11.6,2.0,2.1,-1.0,0.06,13.4,0.8,1.0,2.28,0.18,2.4,1.8,1.0,2.1,34
Real Betis,Sergi Altimira,22.0,22.0,4.5,1.1,-1.7,0.08,51.0,1.0,4.1,2.37,0.05,3.9,0.7,0.6,1.6,34
Freiburg,Maximilian Eggestein,27.0,31.7,4.4,1.1,0.0,0.05,38.3,0.6,4.1,1.61,0.16,3.0,0.3,0.8,0.7,34
Venezia,Gianluca Busio,22.0,28.1,3.4,2.1,-0.4,0.06,24.8,1.0,1.6,2.33,0.07,2.3,0.5,2.0,0.9,34
Empoli,Liam Henderson,28.0,26.2,4.1,0.7,-0.7,0.15,27.9,1.3,3.5,2.27,0.19,2.2,0.2,0.6,3.2,34
Venezia,Hans Nicolussi Caviglia,24.0,31.9,4.4,0.6,1.6,0.07,35.1,0.9,3.9,2.08,0.13,2.4,0.5,0.8,1.6,34
Sevilla,Albert Sambi Lokonga,24.0,16.4,5.7,1.5,-0.9,0.06,48.7,1.2,4.9,2.14,0.18,1.9,0.2,0.9,1.3,34
Heidenheim,Jan Schöppner,25.0,29.9,3.6,1.2,0.1,0.11,26.0,0.8,2.2,1.88,0.13,3.3,0.5,0.9,1.1,34
Heidenheim,Niklas Dorsch,26.0,15.0,3.8,0.9,1.0,0.07,38.2,0.9,3.1,2.36,0.13,2.9,0.5,0.7,1.0,34
Real Betis,Johnny Cardoso,22.0,23.9,3.0,0.8,1.0,0.04,39.7,0.4,2.6,1.47,0.04,4.3,1.1,0.7,1.6,33
Fiorentina,Danilo Cataldi,29.0,19.4,4.6,0.9,1.9,0.04,43.6,0.8,4.3,1.68,0.05,2.4,0.2,1.1,0.8,33
Manchester United,Kobbie Mainoo,19.0,18.5,3.5,1.2,-0.7,0.09,39.1,0.8,2.7,1.85,0.16,3.5,1.2,0.9,1.5,33
Udinese,Jurgen Ekkelenkamp,24.0,21.2,3.4,1.6,0.2,0.06,25.9,0.7,2.0,1.81,0.29,2.3,0.5,1.3,1.4,33
Lecce,Ylber Ramadani,28.0,20.2,3.0,0.4,0.4,0.05,34.5,0.8,2.6,1.74,0.2,3.7,0.6,0.5,0.9,33
Tottenham Hotspur,Yves Bissouma,27.0,15.7,4.8,1.0,1.4,0.02,48.1,0.4,3.9,1.02,0.0,4.3,0.4,1.1,1.8,33
Everton,James Garner,23.0,17.8,2.8,0.8,-0.7,0.08,34.3,0.7,3.4,2.2,0.28,3.9,0.4,1.1,1.1,33
Wolverhampton Wanderers,André,23.0,27.6,3.9,0.4,-0.4,0.03,45.2,0.7,4.0,1.78,0.11,4.6,0.6,0.6,1.3,33
Club Brugge,Raphael Onyedika,23.0,18.8,4.6,0.4,-0.1,0.05,49.6,0.6,4.8,1.87,0.16,2.6,0.9,1.1,1.8,33
Union Berlin,András Schäfer,25.0,17.2,3.2,1.3,0.4,0.05,24.1,0.6,1.7,1.7,0.18,4.3,0.8,0.9,1.6,33
Stuttgart,Atakan Karazor,27.0,29.2,4.8,0.7,-0.3,0.09,55.1,0.5,5.1,1.48,0.24,3.1,0.4,1.1,1.3,33
Nantes,Douglas,27.0,25.7,4.9,0.5,0.6,0.06,40.0,0.6,4.2,1.33,0.12,3.9,0.5,0.4,1.6,33
Genk,Nikolas Sattlberger,20.0,12.5,3.8,0.3,-0.2,0.06,41.7,0.7,3.0,2.01,0.24,3.5,0.4,1.3,1.6,33
Empoli,Liberato Cacace,23.0,24.9,2.8,2.1,-0.6,0.07,24.9,1.0,2.2,2.18,0.16,2.4,0.6,1.4,1.1,33
Augsburg,Elvis Rexhbeçaj,26.0,20.0,4.7,1.6,-0.4,0.06,23.4,0.8,2.0,2.82,0.25,2.2,0.5,1.3,0.6,33
Espanyol,Urko González,23.0,15.4,4.0,1.2,-0.5,0.05,21.8,0.6,2.4,1.51,0.33,3.5,0.4,0.9,1.0,33
Girona,Donny van de Beek,27.0,15.9,2.8,1.1,0.5,0.2,23.0,1.1,1.3,1.77,0.13,2.5,0.4,0.9,1.4,33
Real Sociedad,Pablo Marín,21.0,13.8,3.3,1.4,-0.4,0.07,27.1,1.0,2.8,1.89,0.15,2.2,1.4,1.4,1.4,33
Saint Etienne,Aimen Moueffek,23.0,11.7,3.7,1.7,-1.1,0.09,28.7,0.9,3.3,1.82,0.26,2.1,0.9,1.1,1.7,33
Genoa,Milan Badelj,35.0,16.5,5.0,0.5,0.0,0.07,41.3,0.7,4.4,1.59,0.06,3.0,0.5,0.5,1.1,33
Kortrijk,Abdoulaye Sissako,26.0,17.6,3.9,1.0,0.9,0.06,32.0,0.5,2.6,1.2,0.11,3.9,0.5,1.6,0.9,32
Southampton,Lesley Ugochukwu,20.0,18.5,2.6,1.6,0.1,0.05,32.4,0.8,2.9,1.3,0.05,3.5,1.0,0.8,1.7,32
Nice,Pablo Rosario,27.0,19.8,4.5,0.9,-0.8,0.03,32.4,0.8,3.2,1.78,0.1,3.1,0.5,1.0,1.2,32
Sevilla,Djibril Sow,27.0,23.1,4.3,1.0,-0.4,0.07,38.2,0.9,3.8,2.79,0.17,2.3,0.4,0.7,1.0,32
West Ham United,Edson Álvarez,26.0,19.8,4.3,1.2,-0.4,0.04,43.5,0.6,4.6,1.42,0.1,3.4,0.7,1.1,2.1,32
Torino,Yann Karamoh,26.0,11.7,2.4,3.2,-1.2,0.08,16.2,0.8,0.7,2.06,0.17,0.7,1.0,2.3,1.0,32
Ipswich Town,Jens Cajuste,24.0,22.0,2.7,1.2,0.3,0.04,29.4,0.6,2.3,1.65,0.09,3.3,1.3,1.0,1.1,32
Monza,Patrick Ciurria,29.0,12.4,2.2,1.5,0.2,0.19,25.2,1.0,1.5,2.11,0.16,2.3,0.4,0.8,1.4,32
Dender,Nathan Rôdes,26.0,29.3,3.3,0.8,0.1,0.06,31.1,0.4,2.3,1.02,0.1,3.4,0.8,1.3,0.9,32
Lyon,Tanner Tessmann,22.0,13.8,4.1,0.8,0.0,0.04,49.6,0.5,4.6,1.31,0.07,3.2,0.7,1.2,1.0,32
Charleroi,Etienne Camara,21.0,12.0,5.1,0.8,-0.3,0.03,46.3,0.3,4.7,1.93,0.17,3.2,0.1,1.4,1.3,32
Brighton and Hove Albion,Jack Hinshelwood,19.0,20.6,3.3,0.9,2.3,0.07,42.2,0.8,1.7,1.71,0.15,2.1,0.1,1.0,0.9,32
RB Leipzig,Arthur Vermeeren,19.0,17.6,4.4,0.8,-0.4,0.05,46.6,0.7,4.0,1.6,0.11,3.1,0.3,0.9,1.2,32
Osasuna,Pablo Ibáñez,25.0,14.5,3.5,1.4,-0.6,0.11,26.5,0.4,2.4,1.39,0.28,2.6,0.9,1.4,1.9,32
Rennes,Amine Gouiri,24.0,11.6,4.0,1.9,-0.5,0.03,23.9,0.7,1.8,2.52,0.35,0.9,1.3,0.8,1.6,32
Lecce,Balthazar Pierret,24.0,19.3,4.2,0.7,-0.2,0.02,36.1,0.5,4.1,2.04,0.0,3.6,0.7,0.6,1.8,31
Monchengladbach,Philipp Sander,26.0,15.7,3.8,1.0,-0.2,0.04,38.9,0.8,3.2,1.8,0.06,3.6,0.7,1.0,1.0,31
Empoli,Youssef Maleh,25.0,16.9,4.3,0.6,-0.9,0.05,23.6,0.7,3.7,1.79,0.12,3.6,0.2,0.7,1.9,31
Fulham,Sander Berge,26.0,24.8,5.0,1.2,-0.4,0.02,44.0,0.7,4.7,1.94,0.08,2.9,0.4,1.0,1.2,31
Ipswich Town,Sam Morsy,32.0,30.7,3.9,0.7,0.6,0.04,40.7,0.8,4.9,1.67,0.07,3.2,0.6,0.8,1.6,31
Eintracht Frankfurt,Ellyes Skhiri,29.0,24.9,4.2,0.7,-0.4,0.06,46.3,0.9,3.3,1.98,0.2,2.9,0.4,0.7,0.9,31
Lille,Ayyoub Bouaddi,16.0,12.9,2.9,0.9,-0.1,0.08,37.8,0.4,2.8,1.1,0.16,4.7,1.1,0.7,1.4,31
Eintracht Frankfurt,Hugo Larsson,20.0,26.7,4.5,0.6,-0.1,0.08,40.4,0.8,3.3,2.14,0.19,2.9,0.4,0.7,0.8,31
Valladolid,Mario Martín,20.0,19.5,3.4,0.9,-1.8,0.07,34.7,0.6,2.7,1.7,0.05,4.3,1.0,0.8,2.6,31
Girona,Oriol Romeu,32.0,15.2,4.8,1.4,-0.1,0.02,52.5,0.5,5.3,1.33,0.07,3.3,0.3,1.1,1.8,31
Alaves,Ander Guevara,27.0,21.7,5.2,0.6,-0.9,0.03,35.1,0.6,4.4,1.89,0.23,2.9,0.4,0.7,1.8,31
St Pauli,Jackson Irvine,31.0,29.0,4.0,0.7,-3.2,0.13,23.6,1.1,3.2,1.93,0.17,3.2,0.3,0.6,1.3,31
Mallorca,Samu Costa,23.0,29.5,3.9,0.8,-1.8,0.04,39.5,0.5,4.0,1.9,0.2,4.1,0.4,0.6,2.1,31
Rayo Vallecano,Óscar Valentín,29.0,20.5,4.2,0.6,-0.4,0.04,33.6,0.6,3.6,2.16,0.15,3.7,0.2,0.6,2.8,31
Augsburg,Kristijan Jakić,27.0,25.7,4.1,0.9,-0.8,0.05,35.0,0.6,3.7,1.64,0.27,2.9,0.5,0.5,0.9,31
Espanyol,Pol Lozano,24.0,21.8,5.3,0.8,-0.2,0.04,31.8,0.8,4.4,1.84,0.09,3.4,0.2,0.6,2.6,31
Alaves,Jon Guridi,29.0,23.3,3.4,1.2,-1.2,0.05,23.5,0.7,2.4,2.08,0.35,2.3,0.3,1.3,1.5,31
Nottingham Forest,Nicolás Domínguez,26.0,22.0,3.8,0.7,-1.5,0.06,37.3,0.6,3.7,1.74,0.0,5.2,0.1,0.6,1.5,31
West Ham United,Carlos Soler,27.0,15.8,3.5,1.1,-0.8,0.09,36.1,1.1,2.7,3.26,0.13,1.5,0.5,1.1,1.6,31
Monza,Alessandro Bianco,21.0,29.0,4.3,1.2,-0.3,0.04,45.3,0.6,4.8,1.32,0.0,2.5,0.6,1.1,1.5,30
Leganes,Yvan Neyou,27.0,25.8,3.7,0.9,0.4,0.02,37.8,0.5,3.3,1.17,0.08,3.1,0.7,1.0,1.3,30
Sevilla,Peque,21.0,12.7,2.8,1.1,-1.5,0.09,22.0,0.9,2.0,2.54,0.24,1.9,0.9,0.9,1.7,30
Anderlecht,Mats Rits,31.0,22.7,4.4,0.5,-0.3,0.09,37.0,0.7,4.3,1.59,0.13,2.0,0.2,1.4,1.1,30
Getafe,Mauro Arambarri,28.0,29.6,2.5,0.6,1.8,0.02,19.8,0.6,2.5,1.83,0.1,2.1,0.6,0.3,1.7,30
Augsburg,Frank Onyeka,26.0,28.9,3.7,1.6,-1.4,0.04,29.5,0.6,2.4,1.74,0.14,3.3,0.6,1.4,1.6,30
Cagliari,Michel Ndary Adopo,24.0,26.9,3.9,0.7,-0.1,0.09,30.2,0.7,3.3,1.87,0.19,3.0,0.7,0.8,1.1,30
Angers,Haris Belkebla,30.0,20.0,3.4,0.4,-0.1,0.04,36.4,0.2,3.4,0.7,0.2,4.6,0.4,0.8,0.9,30
Leicester City,Boubakary Soumaré,25.0,24.2,4.3,1.4,-0.3,0.02,44.3,0.5,3.9,1.45,0.12,2.6,1.1,0.8,1.0,30
Brentford,Vitaly Janelt,26.0,25.2,3.2,0.7,0.2,0.09,34.6,0.6,3.1,1.28,0.12,2.6,0.1,0.7,1.0,30
Bayer Leverkusen,Robert Andrich,29.0,17.9,3.6,0.4,0.7,0.02,48.3,0.5,3.6,1.86,0.23,3.0,0.1,0.8,1.6,30
Genoa,Morten Frendrup,23.0,34.5,3.1,0.7,0.4,0.03,30.9,0.4,2.3,1.54,0.12,4.3,0.3,0.6,1.5,30
Anderlecht,Leander Dendoncker,29.0,19.3,3.6,1.2,-1.9,0.05,54.4,0.6,3.4,1.4,0.1,3.8,0.5,1.1,1.1,30
Mechelen,Aziz Ouattara,23.0,17.4,3.1,0.7,-0.8,0.05,35.4,0.5,2.9,1.15,0.17,3.4,1.1,1.1,2.0,29
Genoa,Morten Thorsby,28.0,21.2,2.7,1.1,-2.8,0.1,16.7,1.3,2.1,2.61,0.09,2.5,0.4,0.8,2.5,29
Parma,Mandela Keita,22.0,20.4,2.5,0.6,-0.1,0.05,32.4,0.7,2.7,1.63,0.2,3.2,0.8,0.9,1.4,29
Gent,Omri Gandelman,24.0,16.9,3.3,0.7,-3.6,0.09,16.3,0.9,2.3,1.9,0.48,2.7,0.4,0.4,1.4,29
Reims,Marshall Munetsi,28.0,18.8,1.4,0.4,0.0,0.11,14.0,1.0,0.7,2.18,0.21,2.8,0.3,0.4,1.5,29
St Pauli,Philipp Treu,23.0,32.1,3.3,1.8,-1.2,0.08,38.2,0.7,1.9,2.16,0.16,2.5,0.4,1.3,0.6,29
Napoli,Stanislav Lobotka,29.0,29.4,4.0,1.0,-0.3,0.04,54.4,0.6,3.7,1.84,0.2,2.3,0.3,0.8,0.8,29
West Ham United,Tomáš Souček,29.0,28.6,2.6,0.3,2.3,0.03,25.0,0.5,2.2,1.54,0.11,2.3,0.2,0.4,1.6,29
Leicester City,Wilfred Ndidi,27.0,26.0,2.7,0.7,-2.0,0.07,32.3,0.7,2.6,1.2,0.15,4.5,0.5,0.9,1.5,29
Everton,Abdoulaye Doucouré,31.0,28.6,2.9,1.5,-1.1,0.08,25.3,1.0,1.5,2.04,0.11,2.0,0.8,0.9,1.7,29
Genoa,Patrizio Masini,23.0,17.1,2.6,0.9,0.6,0.01,29.2,0.4,1.7,1.4,0.18,4.0,0.6,0.9,2.1,29
Auxerre,Elisha Owusu,26.0,26.2,3.0,0.3,0.6,0.04,26.5,0.5,2.0,1.27,0.19,4.4,0.3,0.4,1.9,29
Angers,Jean-Eudes Aholou,30.0,22.0,3.1,0.7,0.2,0.05,29.3,0.5,2.1,1.52,0.05,4.0,0.5,0.4,2.3,29
Leganes,Renato Tapia,29.0,27.0,3.1,0.6,0.4,0.01,31.0,0.3,3.0,0.89,0.15,3.3,0.7,0.6,1.4,29
Alaves,Antonio Blanco,24.0,30.4,4.8,0.4,-0.8,0.05,33.3,0.5,4.7,1.49,0.03,3.6,0.5,0.6,2.2,29
RB Leipzig,Amadou Haidara,26.0,14.8,4.4,0.5,-1.4,0.06,48.9,0.3,4.4,1.98,0.2,3.2,0.5,0.4,1.6,29
Osasuna,Lucas Torró,30.0,32.9,3.3,0.3,0.7,0.04,31.2,0.3,3.5,1.16,0.09,3.6,0.2,0.4,2.3,28
Werder Bremen,Senne Lynen,25.0,30.5,3.0,0.3,-1.1,0.02,36.0,0.3,2.7,1.05,0.2,4.5,0.4,0.5,1.2,28
Standard Liege,Aiden O'Neill,26.0,24.1,3.5,0.5,-0.8,0.05,32.4,0.5,3.6,1.75,0.12,3.4,0.4,0.7,1.6,28
Torino,Karol Linetty,29.0,17.2,2.7,1.0,-0.1,0.05,27.8,0.6,2.6,1.4,0.12,3.0,0.4,1.2,2.3,28
Internazionale,Davide Frattesi,24.0,13.7,2.3,1.7,1.0,0.06,21.7,0.5,1.5,1.4,0.15,1.6,0.5,1.1,0.8,28
Kortrijk,Tomoki Takamine,26.0,11.0,4.8,0.1,-0.4,0.06,29.5,0.5,4.8,1.93,0.18,2.4,0.4,0.6,2.8,28
Le Havre,Rassoul Ndiaye,22.0,11.9,3.9,0.5,-0.7,0.05,27.3,0.8,2.5,1.87,0.17,3.9,0.3,0.4,1.0,28
Southampton,Flynn Downes,25.0,24.0,2.8,1.2,0.4,0.05,41.8,0.6,2.6,1.3,0.08,3.4,0.3,0.9,2.1,28
Nottingham Forest,Ryan Yates,26.0,21.3,2.5,0.8,-0.3,0.06,29.0,0.8,2.3,1.78,0.14,3.2,0.4,0.9,2.5,28
Brest,Hugo Magnetti,26.0,26.0,3.1,0.8,0.2,0.02,35.4,0.2,2.7,1.08,0.15,2.7,0.3,0.6,1.1,27
St Pauli,Carlo Boukhalfa,25.0,18.4,2.2,0.5,0.5,0.06,18.1,0.6,1.5,1.97,0.11,2.1,0.7,0.5,1.0,27
Wolfsburg,Yannick Gerhardt,30.0,16.9,3.4,1.6,-0.2,0.01,30.4,0.2,2.6,1.72,0.12,2.7,0.1,0.8,1.2,27
Espanyol,Alex Král,26.0,30.2,2.6,1.6,-1.5,0.05,19.9,0.4,2.5,1.39,0.03,2.7,1.0,1.1,1.0,27
Udinese,Jesper Karlström,29.0,35.5,3.8,0.6,-0.7,0.03,37.5,0.6,3.9,1.67,0.08,2.7,0.2,0.7,1.2,27
Torino,Cesare Casadei,21.0,11.4,3.2,1.2,-0.2,0.04,28.3,0.6,3.1,1.68,0.18,1.5,0.6,0.7,1.4,27
Ipswich Town,Kalvin Phillips,28.0,13.8,3.7,0.3,-0.4,0.01,31.6,0.4,3.6,1.24,0.22,3.9,0.4,0.4,2.0,27
Torino,Samuele Ricci,22.0,31.5,3.7,1.4,-0.3,0.02,37.4,0.5,3.2,1.53,0.13,1.9,0.2,1.2,1.2,27
Wolfsburg,Bence Dárdai,18.0,14.6,2.7,0.3,0.0,0.07,24.5,0.8,2.4,1.66,0.14,2.5,0.2,0.4,0.6,27
Freiburg,Patrick Osterhage,24.0,25.3,2.9,1.0,-0.7,0.06,33.9,0.6,2.8,1.63,0.16,2.5,0.4,0.7,1.0,27
Mallorca,Omar Mascarell,31.0,22.2,3.4,0.5,0.5,0.01,36.4,0.1,3.2,0.68,0.0,3.4,0.5,0.6,1.4,27
Crystal Palace,Jefferson Lerma,29.0,25.3,3.8,0.5,-1.1,0.06,33.3,0.4,3.4,1.82,0.12,3.0,0.2,0.4,1.4,26
Everton,Orel Mangala,26.0,14.0,2.4,0.4,-0.1,0.04,31.2,0.6,3.6,1.72,0.07,2.6,1.0,0.4,1.7,26
Angers,Yassin Belkhdim,22.0,17.0,2.2,1.0,0.2,0.04,23.2,0.3,1.6,0.71,0.06,4.4,0.1,0.4,1.6,26
Cagliari,Antoine Makoumbou,26.0,24.1,3.8,0.5,-0.3,0.04,43.6,0.3,2.9,1.59,0.21,2.4,0.4,0.7,1.1,26
Bochum,Anthony Losilla,38.0,12.7,3.5,0.2,-0.1,0.03,25.3,0.6,1.8,1.5,0.16,3.8,0.1,0.2,1.4,26
Athletic Club,Unai Gómez,21.0,14.4,1.6,1.3,-0.9,0.06,15.5,0.7,1.4,1.61,0.21,1.0,0.8,1.2,0.8,26
Lecce,Lassana Coulibaly,28.0,29.8,3.1,0.7,0.2,0.03,26.0,0.4,2.3,1.55,0.07,2.2,0.6,0.6,1.3,26
Monchengladbach,Julian Weigl,28.0,32.1,3.8,0.3,-0.7,0.03,48.5,0.3,3.8,1.59,0.19,3.1,0.2,0.4,0.7,26
Valladolid,Anuar,29.0,19.2,1.6,1.2,0.3,0.06,21.4,0.4,1.0,1.31,0.21,2.9,0.4,0.8,1.6,26
Auxerre,Han-Noah Massengo,23.0,11.7,2.4,1.1,-0.4,0.03,32.1,0.3,2.0,1.03,0.09,2.9,0.9,1.0,1.5,26
Toulouse,Zakaria Aboukhlal,24.0,21.3,1.0,1.6,-3.2,0.08,10.4,0.6,0.8,1.61,0.33,1.3,0.8,1.1,1.6,25
Bologna,Giovanni Fabbian,21.0,11.4,1.5,1.2,0.7,0.11,13.2,0.8,1.3,1.67,0.0,1.1,0.2,0.5,1.8,25
Brest,Edimilson Fernandes,28.0,12.3,3.3,0.6,-0.4,0.05,39.5,0.7,3.3,1.3,0.08,2.4,0.2,0.7,0.6,25
Valladolid,Stanko Jurić,27.0,19.3,3.0,0.3,-0.8,0.03,33.0,0.2,2.1,0.47,0.1,3.7,0.3,0.3,2.0,25
Leicester City,Oliver Skipp,23.0,12.6,2.8,1.3,-0.4,0.02,33.3,0.7,2.5,1.2,0.0,2.5,0.6,0.6,1.7,25
Empoli,Alberto Grassi,29.0,24.6,3.0,0.7,0.0,0.03,25.8,0.3,2.6,1.1,0.08,2.9,0.2,0.5,1.1,25
Cagliari,Alessandro Deiola,28.0,16.0,2.5,0.7,0.3,0.04,24.0,0.4,2.8,1.63,0.19,2.8,0.2,0.2,2.0,25
Montpellier,Joris Chotard,22.0,21.1,3.8,0.9,-0.3,0.02,31.8,0.3,3.8,1.2,0.0,2.7,0.4,0.6,0.8,25
Monza,Warren Bondo,20.0,18.0,2.2,1.4,-0.4,0.02,30.4,0.3,1.9,1.45,0.06,2.2,1.1,1.1,1.7,25
Reims,Valentin Atangana Edoa,18.0,31.9,2.9,1.3,-1.5,0.03,28.5,0.4,2.1,1.55,0.03,3.3,0.4,1.1,1.8,25
Holstein Kiel,Magnus Knudsen,23.0,20.7,2.6,0.8,-0.7,0.06,31.7,0.4,1.9,1.56,0.19,2.9,0.4,0.5,1.4,25
Bochum,Dani de Wit,26.0,12.9,2.6,0.4,-0.1,0.04,22.9,0.8,1.9,1.72,0.16,3.2,0.1,0.3,1.9,24
Holstein Kiel,Nicolai Remberg,24.0,26.9,3.0,0.9,-1.5,0.03,28.1,0.3,2.7,1.12,0.11,2.8,0.3,0.7,1.6,24
Mallorca,Antonio Sánchez,27.0,15.6,2.4,1.2,-1.1,0.04,25.1,0.3,2.3,1.16,0.0,2.9,0.9,0.9,1.5,24
Wolverhampton Wanderers,Marshall Munetsi,28.0,12.0,0.8,0.8,-1.3,0.15,12.7,0.8,0.6,1.75,0.08,2.5,0.2,0.3,1.6,23
West Ham United,Guido Rodríguez,30.0,12.9,2.6,0.3,-0.2,0.02,37.2,0.3,2.9,0.94,0.08,3.8,0.2,0.4,1.4,23
Union Berlin,Janik Haberer,30.0,19.0,3.1,0.7,-0.7,0.04,30.0,0.4,2.2,1.8,0.05,2.9,0.1,0.2,1.2,23
Union Berlin,Rani Khedira,30.0,30.3,2.6,0.4,-0.4,0.02,23.1,0.4,2.2,1.09,0.07,3.7,0.2,0.3,1.5,23
Standard Liege,Léandre Kuavita,20.0,20.8,2.9,1.1,-1.1,0.03,16.9,0.7,2.0,1.41,0.1,1.7,0.3,1.1,0.6,23
Leganes,Darko Brašanac,32.0,18.1,2.4,0.3,-0.8,0.02,21.0,0.5,1.5,1.89,0.11,2.3,0.1,0.7,2.1,22
Sevilla,Nemanja Gudelj,32.0,27.8,2.3,0.5,-0.6,0.02,42.9,0.5,2.6,1.23,0.07,2.5,0.2,0.3,0.9,21
